<?xml version="1.0" encoding="UTF-8"?>
<project-private xmlns="http://www.netbeans.org/ns/project-private/1">
    <editor-bookmarks xmlns="http://www.netbeans.org/ns/editor-bookmarks/2" lastBookmarkId="2">
        <file>
            <url>src/projet_gestion_stock/consultation.java</url>
            <bookmark id="2">
                <name/>
                <line>673</line>
                <key/>
            </bookmark>
        </file>
    </editor-bookmarks>
    <open-files xmlns="http://www.netbeans.org/ns/projectui-open-files/2">
        <group>
            <file>file:/C:/Users/lhtoc/Documents/PROJET/projet2/application_gestion_stock/projet_gestion_stock/src/projet_gestion_stock/Produit.java</file>
            <file>file:/C:/Users/lhtoc/Documents/PROJET/projet2/application_gestion_stock/projet_gestion_stock/src/BDD/db_connection.java</file>
            <file>file:/C:/Users/lhtoc/Documents/PROJET/projet2/application_gestion_stock/projet_gestion_stock/src/projet_gestion_stock/Principale.java</file>
            <file>file:/C:/Users/lhtoc/Documents/PROJET/projet2/application_gestion_stock/projet_gestion_stock/src/projet_gestion_stock/utilisateur.java</file>
            <file>file:/C:/Users/lhtoc/Documents/PROJET/projet2/application_gestion_stock/projet_gestion_stock/src/projet_gestion_stock/consultation.java</file>
            <file>file:/C:/Users/lhtoc/Documents/PROJET/projet2/application_gestion_stock/projet_gestion_stock/src/BDD/ResultSetTableModel.java</file>
            <file>file:/C:/Users/lhtoc/Documents/PROJET/projet2/application_gestion_stock/projet_gestion_stock/src/BDD/Parametre.java</file>
            <file>file:/C:/Users/lhtoc/Documents/PROJET/projet2/application_gestion_stock/projet_gestion_stock/src/projet_gestion_stock/Login.java</file>
        </group>
    </open-files>
</project-private>
